# SQL操作メモ　集約偏

テーブルの集約を学ぶ。

## テーブルの集約

- SQLで関数を利用してデータの計算をしたい。
    - 集計用の関数、**集約関数(集合関数)** を使って計算する。
        - count: レコード数(行数)を数える
            - 引数にとる列によって戻り値が異なるので注意。
        - sum: テーブルの数値列のデータを合計する
            - 数値型のみ
        - avg: テーブルの数値列のデータを平均する
            - 数値型のみ
        - max: テーブルの任意の列のデータの最大値を求める
            - どんなデータ型にも適用可能
        - min: テーブルの任意の列のデータの最小値を求める
            - どんなデータ型にも適用可能

``` BASH
# count
# テーブルの全行を数える場合は*を使う
select count(*)
from Shohin;
+----------+
| count(*) |
+----------+
|        8 |
+----------+
1 row in set (0.01 sec)

# count
# nullは除外される
select count(*), count(shiire_tanka)
from Shohin;
+----------+---------------------+
| count(*) | count(shiire_tanka) |
+----------+---------------------+
|        8 |                   6 |
+----------+---------------------+
1 row in set (0.00 sec)

# sum
# NULLは計算式に入らない
select sum(hanbai_tanka), sum(shiire_tanka)
from Shohin;
+-------------------+-------------------+
| sum(hanbai_tanka) | sum(shiire_tanka) |
+-------------------+-------------------+
|             16780 |             12210 |
+-------------------+-------------------+
1 row in set (0.03 sec)

# avg
# NULLは計算式に入らない(分母は6で計算)
select avg(hanbai_tanka), avg(shiire_tanka)
from Shohin;
+-------------------+-------------------+
| avg(hanbai_tanka) | avg(shiire_tanka) |
+-------------------+-------------------+
|         2097.5000 |         2035.0000 |
+-------------------+-------------------+
1 row in set (0.00 sec)

# max, min
# 数値型に対して
select max(hanbai_tanka), min(shiire_tanka)
from Shohin;
+-------------------+-------------------+
| max(hanbai_tanka) | min(shiire_tanka) |
+-------------------+-------------------+
|              6800 |               320 |
+-------------------+-------------------+
1 row in set (0.00 sec)

# max, min
# 日付型に対して
select max(torokubi), min(torokubi)
from Shohin;
+---------------+---------------+
| max(torokubi) | min(torokubi) |
+---------------+---------------+
| 2009-11-11    | 2008-04-28    |
+---------------+---------------+
1 row in set (0.00 sec)
```

### 分類ごとの集約

distinctを使って集約すればよい。
値の種類を数えたいときは、COUNT関数にDISTINCTをつける。

``` BASH
# 集約関数にdistinct
select count(distinct shohin_bunrui)
from Shohin;
+-------------------------------+
| count(distinct shohin_bunrui) |
+-------------------------------+
|                             3 |
+-------------------------------+
1 row in set (0.00 sec)

# 集約関数にdistinct
# 先に重複が1つにまとめられているので金額が異なる
select sum(hanbai_tanka), sum(distinct hanbai_tanka)
from Shohin;
+-------------------+----------------------------+
| sum(hanbai_tanka) | sum(distinct hanbai_tanka) |
+-------------------+----------------------------+
|             16780 |                      16280 |
+-------------------+----------------------------+
1 row in set (0.00 sec)

```

## GROUP BYでグループに分ける

GROUP BY句はテーブルを切り分ける。集約関数とGROUP BY句を使うことで
テーブルを「商品分類ごと」や「登録日ごと」で切り分けて集約できる。

- NULLが含まれる場合、集計結果にも空行が現れる
    - NULLはNULLで集約される
- where句を使った場合
    - where句で指定した条件で先にレコードが絞り込まれてから集約される
    - FROM ⇒ WHERE ⇒ GROUP BY ⇒ SELECT　
- select句に書ける列はかぎられている
    - 定数、集約関数、集約キーのみ
    - 集約キーはSELECT句で付けた別名はつけられない

``` BASH
select <列名1>, <列名2>, <列名3>, ...
from <テーブル名>
where <条件式>
group by <列名1>, <列名2>, <列名3>, ... ; # 集約キー, グループ化列
```

``` BASH
# 商品分類ごとでみる
select shohin_bunrui, count(*)
from Shohin
group by shohin_bunrui;
+--------------------+----------+
| shohin_bunrui      | count(*) |
+--------------------+----------+
| 衣服               |        2 |
| 事務用品           |        2 |
| キッチン用品       |        4 |
+--------------------+----------+
3 rows in set (0.00 sec)

# 集約キーにNULLがあるばあい
select shiire_tanka, count(*)
from Shohin
group by shiire_tanka;
+--------------+----------+
| shiire_tanka | count(*) |
+--------------+----------+
|          500 |        1 |
|          320 |        1 |
|         2800 |        2 |
|         5000 |        1 |
|         NULL |        2 |
|          790 |        1 |
+--------------+----------+
6 rows in set (0.00 sec)

# where句がある場合
# FROM ⇒ WHERE ⇒ GROUP BY ⇒ SELECT　
select * from Shohin where shohin_bunrui = '衣服';
+-----------+-----------------------+---------------+--------------+--------------+------------+
| shohin_id | shohin_mei            | shohin_bunrui | hanbai_tanka | shiire_tanka | torokubi   |
+-----------+-----------------------+---------------+--------------+--------------+------------+
| 0001      | Tシャツ               | 衣服          |         1000 |          500 | 2009-09-20 |
| 0003      | カッターシャツ        | 衣服          |         4000 |         2800 | NULL       |
+-----------+-----------------------+---------------+--------------+--------------+------------+

select shiire_tanka, count(*)
from Shohin
where shohin_bunrui = '衣服'
group by shiire_tanka;
+--------------+----------+
| shiire_tanka | count(*) |
+--------------+----------+
|          500 |        1 |
|         2800 |        1 |
+--------------+----------+
2 rows in set (0.00 sec)

```

## Having句

Group By句でデータを集約した場合、その結果に対する条件指定はWhere句ではなくHaving句を用いる。

- where句は **「行に対する条件指定」**
- having句は **「グループに対する条件指定」**

- Group by 句の後ろに記述し、実行順序もGroup byの後になる
- 書ける用はGroup BY句を使ったときのSelect句と同じ
    - 定数、集約関数、Group by句で指定した列名(集約キー)


``` BASH
select <列名1>, ...
from <テーブル名>
group by <列名1>, <列名2>, ...
having <グループに対する条件>
```

``` BASH
# 合計が2になるグループだけ表示したい
select shohin_bunrui, count(*)
from Shohin
group by shohin_bunrui
having count(*) = 2;
+---------------+----------+
| shohin_bunrui | count(*) |
+---------------+----------+
| 衣服          |        2 |
| 事務用品      |        2 |
+---------------+----------+
2 rows in set (0.11 sec)

# 平均が2500以上のグループだけ表示したい
select shohin_bunrui, avg(hanbai_tanka)
from Shohin
group by shohin_bunrui;
+--------------------+-------------------+
| shohin_bunrui      | avg(hanbai_tanka) |
+--------------------+-------------------+
| 衣服               |         2500.0000 |
| 事務用品           |          300.0000 |
| キッチン用品       |         2795.0000 |
+--------------------+-------------------+
3 rows in set (0.00 sec)

select shohin_bunrui, avg(hanbai_tanka)
from Shohin
group by shohin_bunrui
having avg(hanbai_tanka) >= 2500;
+--------------------+-------------------+
| shohin_bunrui      | avg(hanbai_tanka) |
+--------------------+-------------------+
| 衣服               |         2500.0000 |
| キッチン用品       |         2795.0000 |
+--------------------+-------------------+
2 rows in set (0.00 sec)

```

## Order by 句

検索結果は基本的にランダムなのでOrder By句を使ってソートする

- SELECT句でつけた列の別名を指定できる
- select句にない列名を指定できる
- 複数のソートキーを指定できる
    - 左側のキーから優先的に使用され、そのキーで同じ値があった場合に次のキーでソートされる
- NULLの場合は先頭か末尾にまとめられる
- Select文の最後に書く
- 基本は昇順ASC, 降順にしたいときはDESCを追加する
- 列番号でも指定できるが標準SQLから除外される運命なので使用しない

``` BASH
select 列名1, 列名2,...
from テーブル名
order by 並べ替えの基準となる列1,並べ替えの基準となる列2,
```


``` BASH
select shohin_id, shohin_mei, hanbai_tanka, shiire_tanka
from Shohin;
+-----------+-----------------------+--------------+--------------+
| shohin_id | shohin_mei            | hanbai_tanka | shiire_tanka |
+-----------+-----------------------+--------------+--------------+
| 0001      | Tシャツ               |         1000 |          500 |
| 0002      | 穴あけパンチ          |          500 |          320 |
| 0003      | カッターシャツ        |         4000 |         2800 |
| 0004      | 包丁                  |         3000 |         2800 |
| 0005      | 圧力なべ              |         6800 |         5000 |
| 0006      | フォーク              |          500 |         NULL |
| 0007      | おろし金              |          880 |          790 |
| 0008      | ボールペン            |          100 |         NULL |
+-----------+-----------------------+--------------+--------------+
8 rows in set (0.02 sec)

select shohin_id, shohin_mei, hanbai_tanka, shiire_tanka
from Shohin
order by shiire_tanka;
+-----------+-----------------------+--------------+--------------+
| shohin_id | shohin_mei            | hanbai_tanka | shiire_tanka |
+-----------+-----------------------+--------------+--------------+
| 0006      | フォーク              |          500 |         NULL |
| 0008      | ボールペン            |          100 |         NULL |
| 0002      | 穴あけパンチ          |          500 |          320 |
| 0001      | Tシャツ               |         1000 |          500 |
| 0007      | おろし金              |          880 |          790 |
| 0003      | カッターシャツ        |         4000 |         2800 |
| 0004      | 包丁                  |         3000 |         2800 |
| 0005      | 圧力なべ              |         6800 |         5000 |
+-----------+-----------------------+--------------+--------------+
8 rows in set (0.02 sec)

select shohin_id, shohin_mei, hanbai_tanka, shiire_tanka
from Shohin
order by shiire_tanka desc;
+-----------+-----------------------+--------------+--------------+
| shohin_id | shohin_mei            | hanbai_tanka | shiire_tanka |
+-----------+-----------------------+--------------+--------------+
| 0005      | 圧力なべ              |         6800 |         5000 |
| 0003      | カッターシャツ        |         4000 |         2800 |
| 0004      | 包丁                  |         3000 |         2800 |
| 0007      | おろし金              |          880 |          790 |
| 0001      | Tシャツ               |         1000 |          500 |
| 0002      | 穴あけパンチ          |          500 |          320 |
| 0006      | フォーク              |          500 |         NULL |
| 0008      | ボールペン            |          100 |         NULL |
+-----------+-----------------------+--------------+--------------+
8 rows in set (0.00 sec)

# shiire_tankaが同じデータはhanbai_tankaで昇順にしたい
select shohin_id, shohin_mei, hanbai_tanka, shiire_tanka
from Shohin
order by shiire_tanka desc, hanbai_tanka;
+-----------+-----------------------+--------------+--------------+
| shohin_id | shohin_mei            | hanbai_tanka | shiire_tanka |
+-----------+-----------------------+--------------+--------------+
| 0005      | 圧力なべ              |         6800 |         5000 |
| 0004      | 包丁                  |         3000 |         2800 |
| 0003      | カッターシャツ        |         4000 |         2800 |
| 0007      | おろし金              |          880 |          790 |
| 0001      | Tシャツ               |         1000 |          500 |
| 0002      | 穴あけパンチ          |          500 |          320 |
| 0008      | ボールペン            |          100 |         NULL |
| 0006      | フォーク              |          500 |         NULL |
+-----------+-----------------------+--------------+--------------+
8 rows in set (0.00 sec)

# 集約関数も使える
select shohin_bunrui, count(*)
from Shohin
group by shohin_bunrui
order by count(*) desc;
+--------------------+----------+
| shohin_bunrui      | count(*) |
+--------------------+----------+
| キッチン用品       |        4 |
| 衣服               |        2 |
| 事務用品           |        2 |
+--------------------+----------+
3 rows in set (0.00 sec)


```
