# SQL操作メモ　更新偏

データの更新方法を学ぶ

## INSERT データの登録

- insert文は1回の実行で1行を挿入するようにする
- 列リスト
    - (列1, 列2, ...)
- 値リスト
    - (値1, 値2, ...)
- 複数行インサートもできるが不正なデータを挿入しようとした場合にどの行がエラーなのか特定するのが大変
- テーブルの前列にinsertをする場合、省略することが可能。
- NULL追加はNULLとかく
- default値はdefaultを指定すればdefault値が入る
    - default値は値リストから省略すると勝手にdefault値が挿入されるが、明示的に書いた方が良い

``` BASH
insert into <テーブル名> (列1, 列2, ...) values (値1, 値2, ...);
```

insert文を学ぶために`ShohinIns`テーブルを作成する

``` BASH
create table ShohinIns(
    shohin_id  CHAR(4) NOT NULL,
    shohin_mei VARCHAR(100) NOT NULL,
    shohin_bunrui VARCHAR(32) NOT NULL,
    hanbai_tanka INTEGER default 0,
    shiire_tanka INTEGER   ,
    torokubi     DATE      ,
    PRIMARY KEY (shohin_id)
    );

describe ShohinIns;
+---------------+--------------+------+-----+---------+-------+
| Field         | Type         | Null | Key | Default | Extra |
+---------------+--------------+------+-----+---------+-------+
| shohin_id     | char(4)      | NO   | PRI | NULL    |       |
| shohin_mei    | varchar(100) | NO   |     | NULL    |       |
| shohin_bunrui | varchar(32)  | NO   |     | NULL    |       |
| hanbai_tanka  | int          | YES  |     | 0       |       |
| shiire_tanka  | int          | YES  |     | NULL    |       |
| torokubi      | date         | YES  |     | NULL    |       |
+---------------+--------------+------+-----+---------+-------+
6 rows in set (0.03 sec)

# データを1行いれてみる
insert into ShohinIns (shohin_id, shohin_mei, shohin_bunrui, hanbai_tanka, shiire_tanka, torokubi) values ('0001', 'Tシャツ', '衣服', 1000, 500, '2009-09-20');

# 列名省略は可能
insert into ShohinIns values ('0001', 'Tシャツ', '衣服', 1000, 500, '2009-09-20');

# default値
insert into ShohinIns values ('0007', 'おろしがね', 'キッチン用品', default, 790, '2009-04-28');

select * from ShohinIns where shohin_id = '0007';
+-----------+-----------------+--------------------+--------------+--------------+------------+
| shohin_id | shohin_mei      | shohin_bunrui      | hanbai_tanka | shiire_tanka | torokubi   |
+-----------+-----------------+--------------------+--------------+--------------+------------+
| 0007      | おろしがね      | キッチン用品       |            0 |          790 | 2009-04-28 |
+-----------+-----------------+--------------------+--------------+--------------+------------+
1 row in set (0.00 sec)


```

### 他のテーブルからコピーして挿入する

コピー先のテーブルを作成する。
`ShohinCopy`に`Shohin`のデータをコピーして挿入する。

``` BASH
create table ShohinCopy(
    shohin_id  CHAR(4) NOT NULL,
    shohin_mei VARCHAR(100) NOT NULL,
    shohin_bunrui VARCHAR(32) NOT NULL,
    hanbai_tanka INTEGER  ,
    shiire_tanka INTEGER   ,
    torokubi     DATE      ,
    PRIMARY KEY (shohin_id)
    );

```

``` BASH
insert into ShohinCopy (
    shohin_id,
    shohin_mei,
    shohin_bunrui,
    hanbai_tanka,
    shiire_tanka,
    torokubi
)
select
    shohin_id,
    shohin_mei,
    shohin_bunrui,
    hanbai_tanka,
    shiire_tanka,
    torokubi
from Shohin;
Query OK, 8 rows affected (0.03 sec)
Records: 8  Duplicates: 0  Warnings: 0

mysql> select * from ShohinCopy;
+-----------+-----------------------+--------------------+--------------+--------------+------------+
| shohin_id | shohin_mei            | shohin_bunrui      | hanbai_tanka | shiire_tanka | torokubi   |
+-----------+-----------------------+--------------------+--------------+--------------+------------+
| 0001      | Tシャツ               | 衣服               |         1000 |          500 | 2009-09-20 |
| 0002      | 穴あけパンチ          | 事務用品           |          500 |          320 | 2009-09-11 |
| 0003      | カッターシャツ        | 衣服               |         4000 |         2800 | NULL       |
| 0004      | 包丁                  | キッチン用品       |         3000 |         2800 | 2009-09-20 |
| 0005      | 圧力なべ              | キッチン用品       |         6800 |         5000 | 2009-01-15 |
| 0006      | フォーク              | キッチン用品       |          500 |         NULL | 2009-09-20 |
| 0007      | おろし金              | キッチン用品       |          880 |          790 | 2008-04-28 |
| 0008      | ボールペン            | 事務用品           |          100 |         NULL | 2009-11-11 |
+-----------+-----------------------+--------------------+--------------+--------------+------------+
8 rows in set (0.00 sec)

```

テーブルのコピーするにSelect文はデータを集約しても可能。

``` BASH
# テーブルの作成
create table ShohinBunrui(
    shohin_bunrui varchar(32) not null,
    sum_hanbai_tanka integer  ,
    sum_shiire_tanka integer  ,
    PRIMARY key (shohin_bunrui)
);

# データを集計して挿入する

insert into ShohinBunrui(
    shohin_bunrui,
    sum_hanbai_tanka,
    sum_shiire_tanka
)
select shohin_bunrui, sum(hanbai_tanka), sum(shiire_tanka)
from Shohin
group by shohin_bunrui;
Query OK, 3 rows affected (0.09 sec)
Records: 3  Duplicates: 0  Warnings: 0

mysql> select * from ShohinBunrui;
+--------------------+------------------+------------------+
| shohin_bunrui      | sum_hanbai_tanka | sum_shiire_tanka |
+--------------------+------------------+------------------+
| キッチン用品       |            11180 |             8590 |
| 事務用品           |              600 |              320 |
| 衣服               |             5000 |             3300 |
+--------------------+------------------+------------------+
3 rows in set (0.00 sec)

```

## DELETE データの削除

- テーブルごと削除する場合
    - drop table <テーブル名>
    - 消したら最後。元に戻せないのでつくりなおすしかない。

- テーブルをのこしてデータを削除する場合
    - delete文
        - けしたらinsert文でデータを入れ直せばOK
        - 削除対象は列やテーブルではなく、行。
    - TRUNCATE文
        - 必ずテーブルを全行削除する
        - delete文より高速だがOracleではRollbackできない

- 一部の行を削除する場合
    - where句で削除行を制限したdelete文
        - 探索型delete
        - group by や having 句はつかえない。これは抽出する形を変えたい場合のみ。

``` BASH
# テーブルは残してデータは全部きえる
delete from <テーブル名>;

# 探索型delete
delete from <テーブル名> where <条件>;
```

``` BASH
# hanbai_tankaが2000円以上のものを削除
delete from Shohin
where hanbai_tanka >= 2000;
Query OK, 3 rows affected (0.05 sec)

mysql> select * from Shohin;
+-----------+--------------------+--------------------+--------------+--------------+------------+
| shohin_id | shohin_mei         | shohin_bunrui      | hanbai_tanka | shiire_tanka | torokubi   |
+-----------+--------------------+--------------------+--------------+--------------+------------+
| 0001      | Tシャツ            | 衣服               |         1000 |          500 | 2009-09-20 |
| 0002      | 穴あけパンチ       | 事務用品           |          500 |          320 | 2009-09-11 |
| 0006      | フォーク           | キッチン用品       |          500 |         NULL | 2009-09-20 |
| 0007      | おろし金           | キッチン用品       |          880 |          790 | 2008-04-28 |
| 0008      | ボールペン         | 事務用品           |          100 |         NULL | 2009-11-11 |
+-----------+--------------------+--------------------+--------------+--------------+------------+
5 rows in set (0.01 sec)
```

## UPDATE データの更新

- 一部の行を更新するはwhere句で指定する
    - 探索型update
    - updateを実行すると列のNULLに更新される値が挿入される
- 複数の列を同時に更新することも可能。
    - set句をつかう
- 列のnullクリア(null代入)も可能

``` BASH
update <テーブル名>
set <列名> = <式>;

# 条件指定
update <テーブル名>
set <列名> = <式>
where <条件>;
```

``` BASH
# 登録日を全行統一させる
update Shohin
set torokubi = '2009-10-10';

# 変更内容の確認
select * from Shohin order by shohin_id;
+-----------+--------------------+--------------------+--------------+--------------+------------+
| shohin_id | shohin_mei         | shohin_bunrui      | hanbai_tanka | shiire_tanka | torokubi   |
+-----------+--------------------+--------------------+--------------+--------------+------------+
| 0001      | Tシャツ            | 衣服               |         1000 |          500 | 2009-10-10 |
| 0002      | 穴あけパンチ       | 事務用品           |          500 |          320 | 2009-10-10 |
| 0006      | フォーク           | キッチン用品       |          500 |         NULL | 2009-10-10 |
| 0007      | おろし金           | キッチン用品       |          880 |          790 | 2009-10-10 |
| 0008      | ボールペン         | 事務用品           |          100 |         NULL | 2009-10-10 |
+-----------+--------------------+--------------------+--------------+--------------+------------+
5 rows in set (0.00 sec)

# 条件指定
update Shohin
set hanbai_tanka = hanbai_tanka * 10
where shohin_bunrui = 'キッチン用品';

# nullクリア
# not null 制約があると実行できない
update Shohin
set torokubi = NULL
where shohin_id = '0008';

# 複数列を指定
# 計算式がNULLの場合はNULLのまま
update Shohin
set hanbai_tanka = hanbai_tanka * 10,
    shiire_tanka = shiire_tanka / 2
where shohin_bunrui = 'キッチン用品';
mysql> select * from Shohin;
+-----------+--------------------+--------------------+--------------+--------------+------------+
| shohin_id | shohin_mei         | shohin_bunrui      | hanbai_tanka | shiire_tanka | torokubi   |
+-----------+--------------------+--------------------+--------------+--------------+------------+
| 0001      | Tシャツ            | 衣服               |         1000 |          500 | 2009-10-10 |
| 0002      | 穴あけパンチ       | 事務用品           |          500 |          320 | 2009-10-10 |
| 0006      | フォーク           | キッチン用品       |        50000 |         NULL | 2009-10-10 |  # NULLのまま
| 0007      | おろし金           | キッチン用品       |        88000 |          395 | 2009-10-10 |
| 0008      | ボールペン         | 事務用品           |          100 |         NULL | NULL       |
+-----------+--------------------+--------------------+--------------+--------------+------------+
5 rows in set (0.00 sec)

```

## トランザクション

- **データベースに対する1つ以上の更新をまとめて呼ぶときの名称**

- 「ワンセットで行われるべき更新の集合」は、必ず「トランザクション」としてひとまとめに扱う必要がある。

- トランザクションの開始文は暗黙的だが、終了文は明示的にする必要がある
    - commit:
        - 一度コミットしたら元にもどすことはできない
    - rollback:
        - トランザクション開始文する前の状態にもどる

- MySQL, Postgres, SQL Serverは「1行1つのSQL文で1つのトランザクション」というルールが既定設定となっている
    - DML文は明示的にトランザクションを書かなくても、1文ずつがトランザクションの開始文と終了文で囲まれている
        - 一度Deleteしてしまうと元にもどせない

- Oracleではuserが明示的にトランザクションを開始した場合、コミット/ロールバックしないとトランザクションはおわらない

- ACID特性: DBMSのトランザクションにおける大切な約束事
    - Atomicity: 原子性
        - トランザクションが終わったとき、更新処理はすべて実行されるか、または実行されない状態で終わるかであるべき。
    - Consistency: 一貫性(整合性)
        - テーブルの制約(NOT NULLなど)を必ず満たす、という性質。
            - 一文単位で制約違反で処理が実行できないのはSQLがロールバックされた状態と同じ。
    - Isolation: 独立性
        - トランザクション同士が互いに鑑賞を受けないことを保証する性質
    - Durability: 永続性
        - トランザクションが終了したらその時点でのデータの状態が保存されることを保証する性質。
            - システム障害が発生してもデータベースは復旧できるように手段を持つ必要がある。
            - トランザクションの実行記録をディスクなどに保存しておき(ログ)、障害が起きた場合にはこのログをつかって障害前の状態に復旧する

``` BASH
トランザクション開始文;
    DML文1,
    DML文2,
    ...
トランザクション終了文(commit or ROOLBACK);
```
