# SQL操作メモ　複雑な問い合わせ偏

データの複雑な問い合わせ方法を学ぶ。
- ビュー
- サブクエリ

## ビュー

- SQLの観点からみるとビューはテーブルと同じもの
- 必要なデータが複数のテーブルにまたがるときに複雑な集約を楽に行うことができる
- ビューはデータを持たず、select文のそのもの
    - 記憶装置の容量を節約できる
    - 同じselect文を毎回書かなくてよくなる
    - 元のテーブルと連動して自動的に最新の状態に更新される

- ビューの制限
    - ビュー定義でorder by 句はつかえない
        - ビューについてもテーブルと同様に行には順序がないため
    - ビューに対する更新
        - select句にdistinctがふくまれていない
        - from句に含まれるテーブルが1つだけ
        - group by 句を使用していない
        - having句を使用してにない

``` SQL
create view ビュー名 (<ビューの列名1>, <ビューの列名2>, ...)
as
<select文>
```

Shohinテーブルの中身をリセットしておく

``` SQL
-- # 削除
delete from Shohin;

INSERT INTO Shohin values ('0001', 'Tシャツ', '衣服', 1000, 500, '2009-09-20');
INSERT INTO Shohin values ('0002', '穴あけパンチ', '事務用品', 500, 320, '2009-09-11');
INSERT INTO Shohin values ('0003', 'カッターシャツ', '衣服', 4000, 2800, NULL);
INSERT INTO Shohin values ('0004', '包丁', 'キッチン用品', 3000, 2800, '2009-09-20');
INSERT INTO Shohin values ('0005', '圧力なべ', 'キッチン用品', 6800, 5000, '2009-01-15');
INSERT INTO Shohin values ('0006', 'フォーク', 'キッチン用品', 500, NULL, '2009-09-20');
INSERT INTO Shohin values ('0007', 'おろし金', 'キッチン用品', 880, 790, '2008-04-28');
INSERT INTO Shohin values ('0008', 'ボールペン', '事務用品', 100, NULL, '2009-11-11');

```

ためしにビューをつくる。

``` SQL
create view ShohinSum (shohin_bunrui, cnt_shohin)
as
-- ビューの本体
select shohin_bunrui, count(*)
from Shohin
group by shohin_bunrui;

mysql> select * from ShohinBunrui;
+--------------------+------------------+------------------+
| shohin_bunrui      | sum_hanbai_tanka | sum_shiire_tanka |
+--------------------+------------------+------------------+
| キッチン用品       |            11180 |             8590 |
| 事務用品           |              600 |              320 |
| 衣服               |             5000 |             3300 |
+--------------------+------------------+------------------+
3 rows in set (0.00 sec)

# ビューからビューをつくることも可能
# なるべくしない方がよい
create view ShohinSumJim (shohin_bunrui, cnt_shohin)
as
select shohin_bunrui, cnt_shohin
from ShohinSum
where shohin_bunrui = '事務用品';
mysql> select * from ShohinSumJim;
+---------------+------------+
| shohin_bunrui | cnt_shohin |
+---------------+------------+
| 事務用品      |          2 |
+---------------+------------+
1 row in set (0.01 sec)

-- # ビューを更新できるケース
create view ShohinJim (shohin_id, shohin_mei, shohin_bunrui, hanbai_tanka, shiire_tanka, torokubi)
as
select *
from Shohin
where shohin_bunrui = '事務用品';
mysql> select * from ShohinJim;
+-----------+--------------------+---------------+--------------+--------------+------------+
| shohin_id | shohin_mei         | shohin_bunrui | hanbai_tanka | shiire_tanka | torokubi   |
+-----------+--------------------+---------------+--------------+--------------+------------+
| 0002      | 穴あけパンチ       | 事務用品      |          500 |          320 | 2009-09-11 |
| 0008      | ボールペン         | 事務用品      |          100 |         NULL | 2009-11-11 |
+-----------+--------------------+---------------+--------------+--------------+------------+
2 rows in set (0.00 sec)

-- # 更新してみる
insert into ShohinJim values ('0009', '印鑑', '事務用品', 95, 10, '2009-11-30');
Query OK, 1 row affected (0.04 sec)

mysql> select * from ShohinJim;
+-----------+--------------------+---------------+--------------+--------------+------------+
| shohin_id | shohin_mei         | shohin_bunrui | hanbai_tanka | shiire_tanka | torokubi   |
+-----------+--------------------+---------------+--------------+--------------+------------+
| 0002      | 穴あけパンチ       | 事務用品      |          500 |          320 | 2009-09-11 |
| 0008      | ボールペン         | 事務用品      |          100 |         NULL | 2009-11-11 |
| 0009      | 印鑑               | 事務用品      |           95 |           10 | 2009-11-30 |
+-----------+--------------------+---------------+--------------+--------------+------------+
3 rows in set (0.00 sec)

mysql> select * from Shohin;
+-----------+-----------------------+--------------------+--------------+--------------+------------+
| shohin_id | shohin_mei            | shohin_bunrui      | hanbai_tanka | shiire_tanka | torokubi   |
+-----------+-----------------------+--------------------+--------------+--------------+------------+
| 0001      | Tシャツ               | 衣服               |         1000 |          500 | 2009-09-20 |
| 0002      | 穴あけパンチ          | 事務用品           |          500 |          320 | 2009-09-11 |
| 0003      | カッターシャツ        | 衣服               |         4000 |         2800 | NULL       |
| 0004      | 包丁                  | キッチン用品       |         3000 |         2800 | 2009-09-20 |
| 0005      | 圧力なべ              | キッチン用品       |         6800 |         5000 | 2009-01-15 |
| 0006      | フォーク              | キッチン用品       |          500 |         NULL | 2009-09-20 |
| 0007      | おろし金              | キッチン用品       |          880 |          790 | 2008-04-28 |
| 0008      | ボールペン            | 事務用品           |          100 |         NULL | 2009-11-11 |
| 0009      | 印鑑                  | 事務用品           |           95 |           10 | 2009-11-30 |
+-----------+-----------------------+--------------------+--------------+--------------+------------+
9 rows in set (0.00 sec)

-- # 0009は使わないので削除しておく
delete from Shohin where shohin_id = '0009';
```

### ビューの削除

``` SQL
drop view ビュー名
```

``` SQL
drop view ShohinSum;
```

## サブクエリ

- 使い捨てのビューみたいなもの
- 処理内容を名前につける
- スカラ・サブクエリ
    - 「必ず1行1列だけの結果を返す」という制限をつけたサブクエリ

``` SQL
-- # 商品分類ごとに商品数を集計するビュー
create view ShohinSum (shohin_bunrui, cnt_shohin)
as
select shohin_bunrui, count(*)
from Shohin
group by shohin_bunrui;

-- # ビューが作成されていることの確認
select shohin_bunuri, count(*)
from ShohinSum;

-- FROM句に直接ビュー定義のselect文を各
select shohin_bunrui, cnt_shohin
from (select shohin_bunrui, count(*) as cnt_shohin
        from Shohin
        Group by shohin_bunrui)
as ShohinSum;
+--------------------+------------+
| shohin_bunrui      | cnt_shohin |
+--------------------+------------+
| 衣服               |          2 |
| 事務用品           |          2 |
| キッチン用品       |          4 |
+--------------------+------------+
3 rows in set (0.00 sec)

-- 入れ子にすることも可能
select shohin_bunrui, cnt_shohin
from (
    select * from (
        select shohin_bunrui, count(*) as cnt_shohin
        from Shohin
        group by shohin_bunrui
    ) as ShohinSum
    where cnt_shohin = 4)
as ShohinSum2;
+--------------------+------------+
| shohin_bunrui      | cnt_shohin |
+--------------------+------------+
| キッチン用品       |          4 |
+--------------------+------------+
1 row in set (0.00 sec)
```

### スカラサブクエリ

**「必ず1行1列だけ戻り値を返す」= 「ただ1つの値」**

- 比較演算子の入力として利用することができる
- スカラ値がかけるところにはどこにでも書ける
    - 定数や列名を書くことのできる場所全て

``` SQL
-- サブクエリ
select shohin_id, shohin_mei, hanbai_tanka
from Shohin
where hanbai_tanka > (select avg(hanbai_tanka) from Shohin);
+-----------+-----------------------+--------------+
| shohin_id | shohin_mei            | hanbai_tanka |
+-----------+-----------------------+--------------+
| 0003      | カッターシャツ        |         4000 |
| 0004      | 包丁                  |         3000 |
| 0005      | 圧力なべ              |         6800 |
+-----------+-----------------------+--------------+
3 rows in set (0.00 sec)

-- select句でのサブクエリ
select shohin_id, shohin_mei, hanbai_tanka,
        (select AVG(hanbai_tanka) from Shohin) as avg_tanka
from Shohin;
+-----------+-----------------------+--------------+-----------+
| shohin_id | shohin_mei            | hanbai_tanka | avg_tanka |
+-----------+-----------------------+--------------+-----------+
| 0001      | Tシャツ               |         1000 | 2097.5000 |
| 0002      | 穴あけパンチ          |          500 | 2097.5000 |
| 0003      | カッターシャツ        |         4000 | 2097.5000 |
| 0004      | 包丁                  |         3000 | 2097.5000 |
| 0005      | 圧力なべ              |         6800 | 2097.5000 |
| 0006      | フォーク              |          500 | 2097.5000 |
| 0007      | おろし金              |          880 | 2097.5000 |
| 0008      | ボールペン            |          100 | 2097.5000 |
+-----------+-----------------------+--------------+-----------+
8 rows in set (0.00 sec)


-- having句でのサブクエリ
select shohin_bunrui, avg(hanbai_tanka)
from Shohin
group by shohin_bunrui
having avg(hanbai_tanka) > (select avg(hanbai_tanka) from Shohin);
+--------------------+-------------------+
| shohin_bunrui      | avg(hanbai_tanka) |
+--------------------+-------------------+
| 衣服               |         2500.0000 |
| キッチン用品       |         2795.0000 |
+--------------------+-------------------+
2 rows in set (0.01 sec)


```

## 相関サブクエリ

- 「商品分類ごとに平均販売単価より高い商品」を商品分類グループから選び出したい。
- group byでのグループごとに小分けにしたうえで、そのグループ内の平均金額と各商品の販売単価を比較したい
- 相関名は **「内から外は見えるが、外から内はみえない」**


``` sql
-- 分類別の平均
select shohin_bunrui, avg(hanbai_tanka)
from Shohin
group by shohin_bunrui;
+--------------------+-------------------+
| shohin_bunrui      | avg(hanbai_tanka) |
+--------------------+-------------------+
| 衣服               |         2500.0000 |
| 事務用品           |          300.0000 |
| キッチン用品       |         2795.0000 |
+--------------------+-------------------+
3 rows in set (0.01 sec)

-- エラーになるサブクエリ
-- サブクエリが3行かえってくるので実行できない
select shohin_id, shohin_mei, shohin_tanka
from Shohin
where hanbai_tanka > (select avg(hanbai_tanka) from Shohin group by shohin_bunrui);

--相関サブクエリをつかう
select shohin_bunrui, shohin_mei, hanbai_tanka
from Shohin as S1
where hanbai_tanka > (
    select avg(hanbai_tanka)
    from Shohin as S2
    where S1.shohin_bunrui = S2.shohin_bunrui
    group by shohin_bunrui
);
+--------------------+-----------------------+--------------+
| shohin_bunrui      | shohin_mei            | hanbai_tanka |
+--------------------+-----------------------+--------------+
| 事務用品           | 穴あけパンチ          |          500 |
| 衣服               | カッターシャツ        |         4000 |
| キッチン用品       | 包丁                  |         3000 |
| キッチン用品       | 圧力なべ              |         6800 |
+--------------------+-----------------------+--------------+
4 rows in set (0.01 sec)
```

