# SQL操作メモ

関数について学ぶ

## 関数

### 算術関数

- +, -, *, /
- データ型NUMERIC
    - NUMERIC(全体の桁数、小数の桁数)

``` SQL
-- DDL: テーブル作成
create table SampleMath
(m NUMERIC (10, 3),
 n integer,
 p integer);

-- DML: データ登録
start transation;

insert into SampleMath (m, n, p) values (500, 0, NULL);
insert into SampleMath (m, n, p) values (-180, 0, NULL);
insert into SampleMath (m, n, p) values (NULL, NULL, NULL);
insert into SampleMath (m, n, p) values (NULL, 7, 3);
insert into SampleMath (m, n, p) values (NULL, 5, 2);
insert into SampleMath (m, n, p) values (NULL, 4, NULL);
insert into SampleMath (m, n, p) values (8, NULL, 3);
insert into SampleMath (m, n, p) values (2.27, 1, NULL);
insert into SampleMath (m, n, p) values (5.555, 2, NULL);
insert into SampleMath (m, n, p) values (NULL, 1, NULL);
insert into SampleMath (m, n, p) values (8.76, NULL, NULL);

commit;

-- 確認
select * from SampleMath;
+----------+------+------+
| m        | n    | p    |
+----------+------+------+
|  500.000 |    0 | NULL |
| -180.000 |    0 | NULL |
|     NULL | NULL | NULL |
|     NULL |    7 |    3 |
|     NULL |    5 |    2 |
|     NULL |    4 | NULL |
|    8.000 | NULL |    3 |
|    2.270 |    1 | NULL |
|    5.555 |    2 | NULL |
|     NULL |    1 | NULL |
|    8.760 | NULL | NULL |
+----------+------+------+
11 rows in set (0.00 sec)
```

- ABS(絶対値)

```sql
mysql> select m, ABS(m) as abs_col from SampleMath;
+----------+---------+
| m        | abs_col |
+----------+---------+
|  500.000 | 500.000 |
| -180.000 | 180.000 |
|     NULL |    NULL |
|     NULL |    NULL |
|     NULL |    NULL |
|     NULL |    NULL |
|    8.000 |   8.000 |
|    2.270 |   2.270 |
|    5.555 |   5.555 |
|     NULL |    NULL |
|    8.760 |   8.760 |
+----------+---------+
11 rows in set (0.00 sec)
```

- MOD(剰余)
    - 割り算のあまり
    - 整数型にしか使えない
    - SQL Serverは使えない(%をつかう)
    - MOD(被除数, 除数)
        - MOD(7, 3) = 1

```sql
select n, p, MOD(n, p) as mod_col
from SampleMath;

+------+------+---------+
| n    | p    | mod_col |
+------+------+---------+
|    0 | NULL |    NULL |
|    0 | NULL |    NULL |
| NULL | NULL |    NULL |
|    7 |    3 |       1 |
|    5 |    2 |       1 |
|    4 | NULL |    NULL |
| NULL |    3 |    NULL |
|    1 | NULL |    NULL |
|    2 | NULL |    NULL |
|    1 | NULL |    NULL |
| NULL | NULL |    NULL |
+------+------+---------+
11 rows in set (0.00 sec)
```

- ROUND(四捨五入)
    - ROUND(対象数, 丸めの桁数)

```SQL
select m,n, ROUND(m, n) as round_col
from SampleMath;

+----------+------+-----------+
| m        | n    | round_col |
+----------+------+-----------+
|  500.000 |    0 |   500.000 |
| -180.000 |    0 |  -180.000 |
|     NULL | NULL |      NULL |
|     NULL |    7 |      NULL |
|     NULL |    5 |      NULL |
|     NULL |    4 |      NULL |
|    8.000 | NULL |      NULL |
|    2.270 |    1 |     2.300 |
|    5.555 |    2 |     5.560 |
|     NULL |    1 |      NULL |
|    8.760 | NULL |      NULL |
+----------+------+-----------+
11 rows in set (0.01 sec)
```

### 文字列関数

``` SQL
-- DDL: テーブル作成
create table SampleStr
(
    str1 varchar(40) ,
    str2 varchar(40) ,
    str3 varchar(40)
);

-- DML: データ登録
start transation;

insert into SampleStr (str1, str2, str3) values ('あいう', 'えお', NULL);
insert into SampleStr (str1, str2, str3) values ('abc', 'def', NULL);
insert into SampleStr (str1, str2, str3) values ('山田', '太郎', NULL);
insert into SampleStr (str1, str2, str3) values ('aaa', NULL, NULL);
insert into SampleStr (str1, str2, str3) values (NULL, 'あああ', NULL);
insert into SampleStr (str1, str2, str3) values ('@!#$%', NULL, NULL);
insert into SampleStr (str1, str2, str3) values ('ABC', NULL, NULL);
insert into SampleStr (str1, str2, str3) values ('aBC', NULL, NULL);
insert into SampleStr (str1, str2, str3) values ('abc太郎', 'abc', 'ABC');
insert into SampleStr (str1, str2, str3) values ('abcdefabc', 'abc', 'ABC');
insert into SampleStr (str1, str2, str3) values ('ミックマック', 'ッ', 'っ');

commit;

-- 確認
select * from SampleStr
+--------------------+-----------+--------+
| str1               | str2      | str3   |
+--------------------+-----------+--------+
| あいう             | えお      | NULL   |
| abc                | def       | NULL   |
| 山田               | 太郎      | です   |
| aaa                | NULL      | NULL   |
| NULL               | あああ    | NULL   |
| @!#$%              | NULL      | NULL   |
| ABC                | NULL      | NULL   |
| aBC                | NULL      | NULL   |
| abc太郎            | abc       | ABC    |
| abcdefabc          | abc       | ABC    |
| ミックマック       | ッ        | っ     |
+--------------------+-----------+--------+
11 rows in set (0.00 sec)
```

- ||(連結)
    - mysqlではconcat()を使用する

```sql
-- # Postgres
select str1, str2,
        str1 || str2 as str_concat
from SampleStr;

-- Mysql
select str1, str2,
    concat(str1, str2) as str_concat
from SampleStr;
+--------------------+-----------+-----------------------+
| str1               | str2      | str_concat            |
+--------------------+-----------+-----------------------+
| あいう             | えお      | あいうえお            |
| abc                | def       | abcdef                |
| 山田               | 太郎      | 山田太郎              |
| aaa                | NULL      | NULL                  |
| NULL               | あああ    | NULL                  |
| @!#$%              | NULL      | NULL                  |
| ABC                | NULL      | NULL                  |
| aBC                | NULL      | NULL                  |
| abc太郎            | abc       | abc太郎abc            |
| abcdefabc          | abc       | abcdefabcabc          |
| ミックマック       | ッ        | ミックマックッ        |
+--------------------+-----------+-----------------------+
11 rows in set (0.00 sec)
```

- LENGTH(文字列長)

```sql
select str1, length(str1) as len_str
from SampleStr;
+--------------------+---------+
| str1               | len_str |
+--------------------+---------+
| あいう             |       9 |
| abc                |       3 |
| 山田               |       6 |
| aaa                |       3 |
| NULL               |    NULL |
| @!#$%              |       5 |
| ABC                |       3 |
| aBC                |       3 |
| abc太郎            |       9 |
| abcdefabc          |       9 |
| ミックマック       |      18 |
+--------------------+---------+
11 rows in set (0.00 sec)
```

- lower(小文字化)

``` SQL
select str1, lower(str1) as low_str
from SampleStr
where str1 In ('ABC', 'aBC', 'abc', '山田');
+--------+---------+
| str1   | low_str |
+--------+---------+
| abc    | abc     |
| 山田   | 山田    |
| ABC    | abc     |
| aBC    | abc     |
+--------+---------+
4 rows in set (0.00 sec)
```

- upper(大文字化)

``` SQL
select str1, upper(str1) as up_str
from SampleStr
where str1 In ('ABC', 'aBC', 'abc', '山田');
+--------+--------+
| str1   | up_str |
+--------+--------+
| abc    | ABC    |
| 山田   | 山田   |
| ABC    | ABC    |
| aBC    | ABC    |
+--------+--------+
4 rows in set (0.00 sec)
```

- REPLACE(文字列の置換)

``` SQL
REPLACE(対象の文字列, 置換前の文字列, 置換後の文字列)

select str1, str2, str3,
    REPLACE(str1, str2, str3) as rep_str
from SampleStr;

+--------------------+-----------+--------+--------------------+
| str1               | str2      | str3   | rep_str            |
+--------------------+-----------+--------+--------------------+
| あいう             | えお      | NULL   | NULL               |
| abc                | def       | NULL   | NULL               |
| 山田               | 太郎      | です   | 山田               |
| aaa                | NULL      | NULL   | NULL               |
| NULL               | あああ    | NULL   | NULL               |
| @!#$%              | NULL      | NULL   | NULL               |
| ABC                | NULL      | NULL   | NULL               |
| aBC                | NULL      | NULL   | NULL               |
| abc太郎            | abc       | ABC    | ABC太郎            |
| abcdefabc          | abc       | ABC    | ABCdefABC          |
| ミックマック       | ッ        | っ     | ミっクマっク       |
+--------------------+-----------+--------+--------------------+
11 rows in set (0.00 sec)
```

- substring(文字列の切り出し)

``` SQL
substring(対象文字列 from 切り出し開始位置 for 切り出す文字数)

-- 左から3番目と4番目の文字を抜き出す
select str1,
    substring(str1 from 3 for 2) as sub_str
from SampleStr;

+--------------------+---------+
| str1               | sub_str |
+--------------------+---------+
| あいう             | う      |
| abc                | c       |
| 山田               |         |
| aaa                | a       |
| NULL               | NULL    |
| @!#$%              | #$      |
| ABC                | C       |
| aBC                | C       |
| abc太郎            | c太     |
| abcdefabc          | cd      |
| ミックマック       | クマ    |
+--------------------+---------+
11 rows in set (0.00 sec)
```

## 日付関数
    - DBMSによって機能がバラバラ。

- current_date(現在の日付)

```SQL
select current_date;
+--------------+
| current_date |
+--------------+
| 2020-07-14   |
+--------------+
1 row in set (0.00 sec)
```

- current_time(現在の時間)

``` SQL
select current_time;
+--------------+
| current_time |
+--------------+
| 20:28:16     |
+--------------+
1 row in set (0.00 sec)
```

- current_timestamp(現在の日時)

``` SQL
select current_timestamp;

+---------------------+
| current_timestamp   |
+---------------------+
| 2020-07-14 20:28:57 |
+---------------------+
1 row in set (0.00 sec)
```

- extract(日付要素の切り出し)

``` SQL
extract(日付要素 from 日付)

select current_timestamp,
    extract(YEAR from current_timestamp) as year,
    extract(MONTH from current_timestamp) as month,
    extract(DAY from current_timestamp) as day,
    extract(HOUR from current_timestamp) as hour,
    extract(MINUTE from current_timestamp) as minute,
    extract(SECOND from current_timestamp) as second;
+---------------------+------+-------+------+------+--------+--------+
| current_timestamp   | year | month | day  | hour | minute | second |
+---------------------+------+-------+------+------+--------+--------+
| 2020-07-14 20:31:36 | 2020 |     7 |   14 |   20 |     31 |     36 |
+---------------------+------+-------+------+------+--------+--------+
1 row in set (0.01 sec)
```

## 変換関数

- 型変換(cast)
    - データ型に合わないデータをテーブルに登録したりしたい
- 値の変換

``` SQL
cast(変換前の値 as 変換するデータ型)

select cast('0001' as SIGNED INTEGER) as int_col;
+---------+
| int_col |
+---------+
|       1 |
+---------+
1 row in set (0.00 sec)

select cast('2009-12-14' as DATE) as date_col;
+------------+
| date_col   |
+------------+
| 2009-12-14 |
+------------+
1 row in set (0.01 sec)
```

- coalesce(コアレス、NULLを値へ変換)
    - 可変個の引数をとり、左から順に引数を見て、最初にNULLじゃない値を返す

``` SQL
select coalesce(NULL, 1) as col_1,
    coalesce(NULL, 'test', NULL) as col_2,
    coalesce(NULL, NULL, '2009-12-03') as col_3;
+-------+-------+------------+
| col_1 | col_2 | col_3      |
+-------+-------+------------+
|     1 | test  | 2009-12-03 |
+-------+-------+------------+
1 row in set (0.01 sec)

select coalesce(str2, 'NULLです')
from SampleStr;
+------------------------------+
| coalesce(str2, 'NULLです')   |
+------------------------------+
| えお                         |
| def                          |
| 太郎                         |
| NULLです                     |
| あああ                       |
| NULLです                     |
| NULLです                     |
| NULLです                     |
| abc                          |
| abc                          |
| ッ                           |
+------------------------------+
11 rows in set (0.01 sec)
```
