# SQL操作　集合演算偏

集合演算を学んでいく。
二つ以上のテーブルを使いたい場合のSQL文について学ぶ。

- テーブル同士の列数は一致させること
- レコードの列のデータ型が一致していること
    - どうしてもデータ型が異なるときはcastをつかう
- order by 句は最後にひとつだけ

## テーブルの足し算引き算

### UNION(テーブルの足し算)

- UNIONは重複行が排除される

テーブルを作成する

``` SQL
create table Shohin2
(shohin_id  CHAR(4) NOT NULL,
 shohin_mei VARCHAR(100) NOT NULL,
 shohin_bunrui VARCHAR(32) NOT NULL,
 hanbai_tanka INTEGER   ,
 shiire_tanka INTEGER   ,
 torokubi     DATE      ,
 PRIMARY KEY (shohin_id));

start transaction;
insert into Shohin2 values ('0001', 'Tシャツ', '衣服', 1000, 500, '2008-09-20');
insert into Shohin2 values ('0002', '穴あけパンチ', '事務用品', 500, 320, '2009-09-11');
insert into Shohin2 values ('0003', 'カッターシャツ', '衣服', 4000, 2800, NULL);
insert into Shohin2 values ('0009', '手袋', '衣服', 800, 500, NULL);
insert into Shohin2 values ('0010', 'やかん', 'キッチン用品', 2000, 1700, '2009-09-20');
commit;

-- 確認
mysql> select * from SHohin2;
+-----------+-----------------------+--------------------+--------------+--------------+------------+
| shohin_id | shohin_mei            | shohin_bunrui      | hanbai_tanka | shiire_tanka | torokubi   |
+-----------+-----------------------+--------------------+--------------+--------------+------------+
| 0001      | Tシャツ               | 衣服               |         1000 |          500 | 2008-09-20 |
| 0002      | 穴あけパンチ          | 事務用品           |          500 |          320 | 2009-09-11 |
| 0003      | カッターシャツ        | 衣服               |         4000 |         2800 | NULL       |
| 0009      | 手袋                  | 衣服               |          800 |          500 | NULL       |
| 0010      | やかん                | キッチン用品       |         2000 |         1700 | 2009-09-20 |
+-----------+-----------------------+--------------------+--------------+--------------+------------+
5 rows in set (0.00 sec)
```

- Shohinテーブル + Shohin2テーブルをやってみる

``` SQL
-- 重複行を除く
select shohin_id, shohin_mei
from Shohin
UNION
select shohin_id, shohin_mei
from Shohin2;
+-----------+-----------------------+
| shohin_id | shohin_mei            |
+-----------+-----------------------+
| 0001      | Tシャツ               |
| 0002      | 穴あけパンチ          |
| 0003      | カッターシャツ        |
| 0004      | 包丁                  |
| 0005      | 圧力なべ              |
| 0006      | フォーク              |
| 0007      | おろし金              |
| 0008      | ボールペン            |
| 0009      | 手袋                  |
| 0010      | やかん                |
+-----------+-----------------------+
10 rows in set (0.00 sec)

-- 重複行を排除しない
select shohin_id, shohin_mei
from Shohin
UNION ALL
select shohin_id, shohin_mei
from Shohin2;
+-----------+-----------------------+
| shohin_id | shohin_mei            |
+-----------+-----------------------+
| 0001      | Tシャツ               |
| 0002      | 穴あけパンチ          |
| 0003      | カッターシャツ        |
| 0004      | 包丁                  |
| 0005      | 圧力なべ              |
| 0006      | フォーク              |
| 0007      | おろし金              |
| 0008      | ボールペン            |
| 0001      | Tシャツ               |
| 0002      | 穴あけパンチ          |
| 0003      | カッターシャツ        |
| 0009      | 手袋                  |
| 0010      | やかん                |
+-----------+-----------------------+
13 rows in set (0.00 sec)

```

## INTERSECT(テーブルの共有部分の選択)

テーブルの共有部分を選択するもの

``` SQL
-- MySQLはできない
select shohin_id, shohin_mei
from Shohin
INTERSECT
select shohin_id, shohin_mei
from Shohin2
order by shohin_id;

```

## JOIN(結合)テーブルを列方向に連結する

- JOINは別のテーブルから列をもってきて、**列を増やす** 集合演算で列方向に連結する
- 内部結合と外部結合

### 内部結合INNER JOIN

Shohinテーブルからshohin_idとhanbai_tankaの列をもってきて、TenpoShohinテーブルにくっつけてみる
- ON句
    - 結合キーとなっており、ここではshohin_idがキーとなっている

``` SQL
select TS.tenpo_id, TS.tenpo_mei, TS.shohin_id, S.shohin_mei, S.hanbai_tanka
from TenpoShohin as TS INNER JOIN Shohin AS S
on TS.shohin_id = S.shohin_id;

+----------+-----------+-----------+-----------------------+--------------+
| tenpo_id | tenpo_mei | shohin_id | shohin_mei            | hanbai_tanka |
+----------+-----------+-----------+-----------------------+--------------+
| 000A     | 東京      | 0001      | Tシャツ               |         1000 |
| 000A     | 東京      | 0002      | 穴あけパンチ          |          500 |
| 000A     | 東京      | 0003      | カッターシャツ        |         4000 |
| 000B     | 名古屋    | 0002      | 穴あけパンチ          |          500 |
| 000B     | 名古屋    | 0003      | カッターシャツ        |         4000 |
| 000B     | 名古屋    | 0004      | 包丁                  |         3000 |
| 000B     | 名古屋    | 0006      | フォーク              |          500 |
| 000B     | 名古屋    | 0007      | おろし金              |          880 |
| 000C     | 大阪      | 0003      | カッターシャツ        |         4000 |
| 000C     | 大阪      | 0004      | 包丁                  |         3000 |
| 000C     | 大阪      | 0006      | フォーク              |          500 |
| 000C     | 大阪      | 0007      | おろし金              |          880 |
| 000D     | 福岡      | 0001      | Tシャツ               |         1000 |
+----------+-----------+-----------+-----------------------+--------------+
13 rows in set (0.00 sec)

-- 内部結合とWhere句を組み合わせる
select TS.tenpo_id, TS.tenpo_mei, TS.shohin_id, S.shohin_mei, S.hanbai_tanka
from TenpoShohin as TS INNER JOIN Shohin AS S
on TS.shohin_id = S.shohin_id
where TS.tenpo_id = '000A';
+----------+-----------+-----------+-----------------------+--------------+
| tenpo_id | tenpo_mei | shohin_id | shohin_mei            | hanbai_tanka |
+----------+-----------+-----------+-----------------------+--------------+
| 000A     | 東京      | 0001      | Tシャツ               |         1000 |
| 000A     | 東京      | 0002      | 穴あけパンチ          |          500 |
| 000A     | 東京      | 0003      | カッターシャツ        |         4000 |
+----------+-----------+-----------+-----------------------+--------------+
3 rows in set (0.00 sec)

```

## 外部結合 OUTER JOIN

- TenpoShohinテーブルには存在していなかった圧力鍋とボールペンがでてきた。
    - どちらか一方のテーブルに存在しているならば、そのテーブルの乗法がかけることなく出力される
    - どちらのテーブルをマスタとするかは**RIGHT**と**LEFT**で判断する
        - from句のテーブルで判断する

``` SQL
select TS.tenpo_id, TS.tenpo_mei, S.shohin_id, S.shohin_mei, S.hanbai_tanka
from TenpoShohin as TS RIGHT OUTER JOIN Shohin AS S
on TS.shohin_id = S.shohin_id;
+----------+-----------+-----------+-----------------------+--------------+
| tenpo_id | tenpo_mei | shohin_id | shohin_mei            | hanbai_tanka |
+----------+-----------+-----------+-----------------------+--------------+
| 000D     | 福岡      | 0001      | Tシャツ               |         1000 |
| 000A     | 東京      | 0001      | Tシャツ               |         1000 |
| 000B     | 名古屋    | 0002      | 穴あけパンチ          |          500 |
| 000A     | 東京      | 0002      | 穴あけパンチ          |          500 |
| 000C     | 大阪      | 0003      | カッターシャツ        |         4000 |
| 000B     | 名古屋    | 0003      | カッターシャツ        |         4000 |
| 000A     | 東京      | 0003      | カッターシャツ        |         4000 |
| 000C     | 大阪      | 0004      | 包丁                  |         3000 |
| 000B     | 名古屋    | 0004      | 包丁                  |         3000 |
| NULL     | NULL      | 0005      | 圧力なべ              |         6800 |
| 000C     | 大阪      | 0006      | フォーク              |          500 |
| 000B     | 名古屋    | 0006      | フォーク              |          500 |
| 000C     | 大阪      | 0007      | おろし金              |          880 |
| 000B     | 名古屋    | 0007      | おろし金              |          880 |
| NULL     | NULL      | 0008      | ボールペン            |          100 |
+----------+-----------+-----------+-----------------------+--------------+
15 rows in set (0.00 sec)

```

## 3つ以上のテーブルで結合したい

在庫テーブルを作成する

``` SQL
-- DDL: テーブルを作成
create table ZaikoShohin(
    souko_id CHAR(4) NOT NULL,
    shohin_id CHAR(4) NOT NULL,
    zaiko_suryo INTEGER NOT NULL,
    PRIMARY KEY (souko_id, shohin_id)
);

-- DML: データ登録
start transaction;

insert into ZaikoShohin values ('S001', '0001', 0);
insert into ZaikoShohin values ('S001', '0002', 120);
insert into ZaikoShohin values ('S001', '0003', 200);
insert into ZaikoShohin values ('S001', '0004', 3);
insert into ZaikoShohin values ('S001', '0005', 0);
insert into ZaikoShohin values ('S001', '0006', 99);
insert into ZaikoShohin values ('S001', '0007', 999);
insert into ZaikoShohin values ('S001', '0008', 200);
insert into ZaikoShohin values ('S002', '0001', 10);
insert into ZaikoShohin values ('S002', '0002', 25);
insert into ZaikoShohin values ('S002', '0003', 34);
insert into ZaikoShohin values ('S002', '0004', 19);
insert into ZaikoShohin values ('S002', '0005', 99);
insert into ZaikoShohin values ('S002', '0006', 0);
insert into ZaikoShohin values ('S002', '0007', 0);
insert into ZaikoShohin values ('S002', '0008', 18);

commit;

mysql> select * from zaikoShohin;
+----------+-----------+-------------+
| souko_id | shohin_id | zaiko_suryo |
+----------+-----------+-------------+
| S001     | 0001      |           0 |
| S001     | 0002      |         120 |
| S001     | 0003      |         200 |
| S001     | 0004      |           3 |
| S001     | 0005      |           0 |
| S001     | 0006      |          99 |
| S001     | 0007      |         999 |
| S001     | 0008      |         200 |
| S002     | 0001      |          10 |
| S002     | 0002      |          25 |
| S002     | 0003      |          34 |
| S002     | 0004      |          19 |
| S002     | 0005      |          99 |
| S002     | 0006      |           0 |
| S002     | 0007      |           0 |
| S002     | 0008      |          18 |
+----------+-----------+-------------+
16 rows in set (0.01 sec)

```

内部結合した結果にzaiko_suryoも知りたいとする

``` SQL
select TS.tenpo_id, TS.tenpo_mei, TS.shohin_id, S.shohin_mei, S.hanbai_tanka, ZS.zaiko_suryo
from TenpoShohin as TS INNER JOIN Shohin as S
ON TS.shohin_id = S.shohin_id
        INNER JOIN ZaikoShohin AS ZS
            ON TS.shohin_id = ZS.shohin_id
where ZS.souko_id = 'S001';
+----------+-----------+-----------+-----------------------+--------------+-------------+
| tenpo_id | tenpo_mei | shohin_id | shohin_mei            | hanbai_tanka | zaiko_suryo |
+----------+-----------+-----------+-----------------------+--------------+-------------+
| 000A     | 東京      | 0001      | Tシャツ               |         1000 |           0 |
| 000A     | 東京      | 0002      | 穴あけパンチ          |          500 |         120 |
| 000A     | 東京      | 0003      | カッターシャツ        |         4000 |         200 |
| 000B     | 名古屋    | 0002      | 穴あけパンチ          |          500 |         120 |
| 000B     | 名古屋    | 0003      | カッターシャツ        |         4000 |         200 |
| 000B     | 名古屋    | 0004      | 包丁                  |         3000 |           3 |
| 000B     | 名古屋    | 0006      | フォーク              |          500 |          99 |
| 000B     | 名古屋    | 0007      | おろし金              |          880 |         999 |
| 000C     | 大阪      | 0003      | カッターシャツ        |         4000 |         200 |
| 000C     | 大阪      | 0004      | 包丁                  |         3000 |           3 |
| 000C     | 大阪      | 0006      | フォーク              |          500 |          99 |
| 000C     | 大阪      | 0007      | おろし金              |          880 |         999 |
| 000D     | 福岡      | 0001      | Tシャツ               |         1000 |           0 |
+----------+-----------+-----------+-----------------------+--------------+-------------+
13 rows in set (0.00 sec)
```

