# 練習問題を解く

## 1.1　テーブル作成

``` SQL
CREATE TABLE Jyushoroku (
    toroku_bango int NOT NULL,
    namae VARCHAR(128) NOT NULL,
    jyusho VARCHAR(256) NOT NULL,
    PRIMARY KEY(toroku_bango)
);
```

## 1.2 カラム追加

``` SQL
ALTER TABLE Jyushoroku ADD COLUMN (
    yubin_bango CHAR(8) NOT NULL
);
```

## 1.3 テーブル削除

``` SQL
DROP TABLE Jyushoroku
```

## 1.4 テーブルの復活

テーブルを削除すると復活できないので作り直すしかない

``` SQL
CREATE TABLE Jyushoroku (
    toroku_bango int NOT NULL,
    namae VARCHAR(128) NOT NULL,
    jyusho VARCHAR(256) NOT NULL,
    yubin_bango CHAR(8) NOT NULL,
    PRIMARY KEY(toroku_bango)
);
```

## 2.1　商品の選択

``` SQL
select shohin_mei, torokubi
from Shohin
where torokubi > '2009-04-28';
+--------------------+------------+
| shohin_mei         | torokubi   |
+--------------------+------------+
| Tシャツ            | 2009-09-20 |
| 穴あけパンチ       | 2009-09-11 |
| 包丁               | 2009-09-20 |
| フォーク           | 2009-09-20 |
| ボールペン         | 2009-11-11 |
+--------------------+------------+
5 rows in set (0.00 sec)
```

## 2.2 NULLの扱い

NULLは比較演算子で扱えないので返り値はEmptyとなる

select * from Shohin where shiire_tanka = NULL;
select * from Shohin where shiire_tanka <> NULL;
select * from Shohin where shiire_tanka > NULL;

## 2.3 販売単価が仕入単価よりも500円以上高い

``` SQL
select shohin_mei, hanbai_tanka, shiire_tanka
from Shohin
where hanbai_tanka - shiire_tanka >= 500;
+-----------------------+--------------+--------------+
| shohin_mei            | hanbai_tanka | shiire_tanka |
+-----------------------+--------------+--------------+
| Tシャツ               |         1000 |          500 |
| カッターシャツ        |         4000 |         2800 |
| 圧力なべ              |         6800 |         5000 |
+-----------------------+--------------+--------------+
3 rows in set (0.00 sec)

# 1通り目
select shohin_mei, hanbai_tanka, shiire_tanka
from Shohin
where hanbai_tanka >= shiire_tanka + 500;

# 2通り目
select shohin_mei, hanbai_tanka, shiire_tanka
from Shohin
where 500 - hanbai_tanka <= -1*shiire_tanka;
```

## 2.4 論理演算子

``` SQL
select shohin_mei, shohin_bunrui,
    hanbai_tanka * 0.9 - shiire_tanka as rieki
from Shohin
where hanbai_tanka * 0.9 - shiire_tanka> 100
and (shohin_bunrui = '事務用品' or shohin_bunrui = 'キッチン用品');
```

## 3.1 select文のおかしいところ

``` SQL
select shohin_id, sum(shohin_mei)
-- このselect文は間違っている
from Shohin
group by shohin_bunrui
where torokubi > '2009-09-01'
```

- shohin_meiはchar型なのにsum関数をつかっている
- group by 句にselect句にはない列名を使用している
- group by 句はwhere句の後にかく

## 3.2 group by 句と比較演算子

hanbai_tankの合計がshiire_tankaの合計の1.5売より大きい商品分類を求めるSelect文を考える

``` SQL
select shohin_bunrui, sum(hanbai_tanka), sum(shiire_tanka)
from Shohin
group by shohin_bunrui
having sum(hanbai_tanka) > sum(shiire_tanka) * 1.5;
+---------------+-------------------+-------------------+
| shohin_bunrui | sum(hanbai_tanka) | sum(shiire_tanka) |
+---------------+-------------------+-------------------+
| 衣服          |              5000 |              3300 |
| 事務用品      |               600 |               320 |
+---------------+-------------------+-------------------+
2 rows in set (0.01 sec)

```

## 3.3 order by 句

どんなorder by 句だったのか考える

``` SQL
select shohin_id, shohin_mei, shohin_bunrui, hanbai_tanka, shiire_tanka, torokubi
from Sohin;
+-----------+-----------------------+--------------------+--------------+--------------+------------+
| shohin_id | shohin_mei            | shohin_bunrui      | hanbai_tanka | shiire_tanka | torokubi   |
+-----------+-----------------------+--------------------+--------------+--------------+------------+
| 0001      | Tシャツ               | 衣服               |         1000 |          500 | 2009-09-20 |
| 0002      | 穴あけパンチ          | 事務用品           |          500 |          320 | 2009-09-11 |
| 0003      | カッターシャツ        | 衣服               |         4000 |         2800 | NULL       |
| 0004      | 包丁                  | キッチン用品       |         3000 |         2800 | 2009-09-20 |
| 0005      | 圧力なべ              | キッチン用品       |         6800 |         5000 | 2009-01-15 |
| 0006      | フォーク              | キッチン用品       |          500 |         NULL | 2009-09-20 |
| 0007      | おろし金              | キッチン用品       |          880 |          790 | 2008-04-28 |
| 0008      | ボールペン            | 事務用品           |          100 |         NULL | 2009-11-11 |
+-----------+-----------------------+--------------------+--------------+--------------+------------+
8 rows in set (0.00 sec)

# これにorder by 句を追加する
select shohin_id, shohin_mei, shohin_bunrui, hanbai_tanka, shiire_tanka, torokubi
from Shohin
order by torokubi desc, hanbai_tanka;
```

## 4.1 トランザクション

コミットしていないトランザクションの場合は抽出しても何もみれない。
自動コミットの場合はインサートされたデータ3行が見られる。

## 4.2 データのインサート

既存のデータをそのまま増やそうとして次のように実行した場合、どうなる？

``` SQL
insert into Shohin
select * from Shohin;
```

プライマリキーが重複するはずなので実行エラーになる。

## 4.3 テーブルから集計したデータを別テーブルにインサートする

``` SQL
create table ShohinSaeki(
    shohin_id CHAR(4) NOT NULL,
    shohin_mei VARCHAR(100) NOT NULL,
    hanbai_tanka INTEGER  ,
    shiire_tanka INTEGER  ,
    saeki INTEGER  ,
    PRIMARY KEY(shohin_id)
);

# answer
insert into ShohinSaeki
select shohin_id, shohin_mei, hanbai_tanka, shiire_tanka,
        hanbai_tanka - shiire_tanka as saeki
from Shohin;

mysql> select * from ShohinSaeki;
+-----------+-----------------------+--------------+--------------+-------+
| shohin_id | shohin_mei            | hanbai_tanka | shiire_tanka | saeki |
+-----------+-----------------------+--------------+--------------+-------+
| 0001      | Tシャツ               |         1000 |          500 |   500 |
| 0002      | 穴あけパンチ          |          500 |          320 |   180 |
| 0003      | カッターシャツ        |         4000 |         2800 |  1200 |
| 0006      | フォーク              |        50000 |         NULL |  NULL |
| 0007      | おろし金              |        88000 |          395 | 87605 |
| 0008      | ボールペン            |          100 |         NULL |  NULL |
+-----------+-----------------------+--------------+--------------+-------+
6 rows in set (0.00 sec)
```

## 4.4 トランザクションでデータ更新

``` SQL
START TRANSACTION;
update ShohinSaeki
set hanbai_tanka = 3000
where shohin_mei = 'カッターシャツ';

update ShohinSaeki
set saeki = hanbai_tanka - shiire_tanka
where shohin_mei = 'カッターシャツ' ;
commit;
```

## 5.1 ビューの作成

- 販売単価が1000円以上である
- 登録日が2009年9月20日である
- 含む列は、商品名、販売単価、登録日

``` sql
create view ViewRenshu5_1 (shohin_mei, hanbai_tanka, torokubi)
as
select shohin_mei, hanbai_tanka, torokubi
from Shohin
where hanbai_tanka >= 1000
and torokubi = '2009-09-20';

select * from ViewRenshu5_1;
+------------+--------------+------------+
| shohin_mei | hanbai_tanka | torokubi   |
+------------+--------------+------------+
| Tシャツ    |         1000 | 2009-09-20 |
| 包丁       |         3000 | 2009-09-20 |
+------------+--------------+------------+
2 rows in set (0.00 sec)
```

## 5.2 ビューにデータを追加

ビューの定義に外れる条件はインサートできない

``` SQL
insert into ViewRenshu5_1 values ('ナイフ', 300, '2009-11-02');
```

## 5.3 サブクエリ

``` SQL
select shohin_id, shohin_mei, shohin_bunrui, hanbai_tanka,
        (select avg(hanbai_tanka) from Shohin) as hanbai_tanka_all
from Shohin;
+-----------+-----------------------+--------------------+--------------+------------------+
| shohin_id | shohin_mei            | shohin_bunrui      | hanbai_tanka | hanbai_tanka_all |
+-----------+-----------------------+--------------------+--------------+------------------+
| 0001      | Tシャツ               | 衣服               |         1000 |        2097.5000 |
| 0002      | 穴あけパンチ          | 事務用品           |          500 |        2097.5000 |
| 0003      | カッターシャツ        | 衣服               |         4000 |        2097.5000 |
| 0004      | 包丁                  | キッチン用品       |         3000 |        2097.5000 |
| 0005      | 圧力なべ              | キッチン用品       |         6800 |        2097.5000 |
| 0006      | フォーク              | キッチン用品       |          500 |        2097.5000 |
| 0007      | おろし金              | キッチン用品       |          880 |        2097.5000 |
| 0008      | ボールペン            | 事務用品           |          100 |        2097.5000 |
+-----------+-----------------------+--------------------+--------------+------------------+
8 rows in set (0.00 sec)

```

## 5.4 相関サブクエリをつかったビュー

``` sql
create view AvgTankaByBunrui as
select shohin_id,
       shohin_mei,
       shohin_bunrui,
       hanbai_tanka,
       (select avg(hanbai_tanka)
        from Shohin as S2
        where S1.shohin_bunrui = S2.shohin_bunrui
        group by S2.shohin_bunrui) as avg_hanbai_tanka
from Shohin as S1;

mysql> select * from AvgTankaByBunrui;
+-----------+-----------------------+--------------------+--------------+------------------+
| shohin_id | shohin_mei            | shohin_bunrui      | hanbai_tanka | avg_hanbai_tanka |
+-----------+-----------------------+--------------------+--------------+------------------+
| 0001      | Tシャツ               | 衣服               |         1000 |        2500.0000 |
| 0002      | 穴あけパンチ          | 事務用品           |          500 |         300.0000 |
| 0003      | カッターシャツ        | 衣服               |         4000 |        2500.0000 |
| 0004      | 包丁                  | キッチン用品       |         3000 |        2795.0000 |
| 0005      | 圧力なべ              | キッチン用品       |         6800 |        2795.0000 |
| 0006      | フォーク              | キッチン用品       |          500 |        2795.0000 |
| 0007      | おろし金              | キッチン用品       |          880 |        2795.0000 |
| 0008      | ボールペン            | 事務用品           |          100 |         300.0000 |
+-----------+-----------------------+--------------------+--------------+------------------+
8 rows in set (0.01 sec)
```

## 6.1 IN, NOT IN

次の結果はどうなるか

``` SQL
select shohin_mei, shiire_tanka
from Shohin
where shiire_tanka NOT IN (500, 2800, 5000);

select shohin_mei, shiire_tanka
from Shohin
where shiire_tanka NOT IN (500, 2800, 5000, NULL);
```

1: 仕入単価が500, 2800, 5000以外のものがでてくる
**2: NOT IN のサブクエリの中にNULLを混ぜてはならない**

## 6.2 CASE式

``` SQL
select count(case when hanbai_tanka <= 1000
                then hanbai_tanka else NULL end) as low_price,
       count(case when hanbai_tanka >= 1001
                    and hanbai_tanka <= 3000
                    then hanbai_tanka else NULL end) as mid_price,
       count(case when hanbai_tanka >= 3001 then hanbai_tanka else NULL end) as high_price
from Shohin;
+-----------+-----------+------------+
| low_price | mid_price | high_price |
+-----------+-----------+------------+
|         5 |         1 |          2 |
+-----------+-----------+------------+
1 row in set (0.00 sec)
```

## 7.1 UNIONを使った結合

``` SQL
select *
from Shohin
union
select *
from Shohin
intersect
select *
from Shohin
order by shohin_id;
```

元のShohinテーブルがshohin_id昇順でソートされてでてくる

## 7.2 外部結合のNULLを文字列に置き換え

``` sql
select coalesce(TS.tenpo_id, '不明') as tenpo_id,
        coalesce(TS.tenpo_mei,'不明') as tempo_mei,
        S.shohin_id,
        S.shohin_mei,
        S.hanbai_tanka
from TenpoShohin as TS RIGHT outer JOIN Shohin as S
on TS.shohin_id = S.shohin_id
order by TS.tenpo_id;
+----------+-----------+-----------+-----------------------+--------------+
| tenpo_id | tempo_mei | shohin_id | shohin_mei            | hanbai_tanka |
+----------+-----------+-----------+-----------------------+--------------+
| 不明     | 不明      | 0005      | 圧力なべ              |         6800 |
| 不明     | 不明      | 0008      | ボールペン            |          100 |
| 000A     | 東京      | 0001      | Tシャツ               |         1000 |
| 000A     | 東京      | 0002      | 穴あけパンチ          |          500 |
| 000A     | 東京      | 0003      | カッターシャツ        |         4000 |
| 000B     | 名古屋    | 0002      | 穴あけパンチ          |          500 |
| 000B     | 名古屋    | 0003      | カッターシャツ        |         4000 |
| 000B     | 名古屋    | 0004      | 包丁                  |         3000 |
| 000B     | 名古屋    | 0006      | フォーク              |          500 |
| 000B     | 名古屋    | 0007      | おろし金              |          880 |
| 000C     | 大阪      | 0003      | カッターシャツ        |         4000 |
| 000C     | 大阪      | 0004      | 包丁                  |         3000 |
| 000C     | 大阪      | 0006      | フォーク              |          500 |
| 000C     | 大阪      | 0007      | おろし金              |          880 |
| 000D     | 福岡      | 0001      | Tシャツ               |         1000 |
+----------+-----------+-----------+-----------------------+--------------+
15 rows in set (0.00 sec)
```